frame,x1,y1,x2,y2,confidence
0,829.882080078125,123.46929931640625,1063.7080078125,331.01910400390625,0.8207951188087463
1,830.7064208984375,123.57205200195312,1065.00341796875,330.29266357421875,0.8227704763412476
2,830.1943359375,123.65777587890625,1064.67822265625,330.51715087890625,0.8212065100669861
3,830.2523193359375,124.07644653320312,1064.72705078125,330.792724609375,0.8274232745170593
4,830.1107177734375,123.93838500976562,1064.27099609375,331.3270263671875,0.8216429948806763
5,830.0396728515625,124.880615234375,1065.1553955078125,331.0533447265625,0.8244520425796509
6,830.129638671875,124.09884643554688,1063.8743896484375,330.79571533203125,0.8263679146766663
7,830.2991943359375,123.7855224609375,1063.9674072265625,330.7664794921875,0.8173116445541382
8,830.5025634765625,123.783447265625,1063.9954833984375,330.87408447265625,0.8215605616569519
9,830.5767822265625,124.6429443359375,1064.6434326171875,330.8343505859375,0.825461745262146
10,829.5775146484375,125.99557495117188,1064.6976318359375,331.7435607910156,0.8061291575431824
11,829.8662109375,125.14544677734375,1064.351806640625,331.796630859375,0.7871556878089905
12,829.8323974609375,124.61526489257812,1064.5072021484375,331.7068176269531,0.7989025115966797
13,830.2652587890625,124.50970458984375,1064.2689208984375,331.89471435546875,0.7780295014381409
14,830.39013671875,124.49969482421875,1064.399658203125,331.8639221191406,0.7881621718406677
15,829.427490234375,124.58929443359375,1064.51953125,331.6831970214844,0.7877223491668701
16,828.7974853515625,124.82473754882812,1064.6026611328125,331.83746337890625,0.7919929027557373
17,827.724609375,124.920166015625,1064.8310546875,332.0557861328125,0.7898101210594177
18,828.0765380859375,125.5289306640625,1065.14990234375,332.6921081542969,0.792535126209259
19,827.013427734375,125.64849853515625,1065.211669921875,332.8408203125,0.7925018668174744
20,827.6522216796875,126.010009765625,1065.9906005859375,332.86029052734375,0.7953225374221802
21,828.818115234375,126.61929321289062,1066.5982666015625,333.1298522949219,0.8029796481132507
22,829.33837890625,125.45358276367188,1067.352783203125,334.0441589355469,0.8233190178871155
23,830.2298583984375,126.20120239257812,1067.7239990234375,334.2379455566406,0.8299177885055542
24,829.9273681640625,126.4307861328125,1068.171875,334.127197265625,0.8077576160430908
25,829.0516357421875,126.5172119140625,1068.609130859375,334.04339599609375,0.817522406578064
26,829.1790771484375,126.73330688476562,1068.5614013671875,334.29229736328125,0.8241013288497925
27,829.3470458984375,126.76010131835938,1068.8934326171875,334.2574768066406,0.8107377886772156
28,828.99169921875,126.84701538085938,1068.569580078125,334.2846984863281,0.8180060386657715
29,829.73779296875,127.18966674804688,1069.169189453125,334.1634826660156,0.818722665309906
30,830.7855224609375,127.2105712890625,1069.8704833984375,334.3053894042969,0.8056923747062683
31,830.81298828125,127.4434814453125,1070.1929931640625,333.94256591796875,0.7988319396972656
32,831.4112548828125,127.55731201171875,1070.0406494140625,333.92095947265625,0.7870304584503174
33,831.9979248046875,127.52743530273438,1070.5465087890625,333.7953186035156,0.7936831116676331
34,832.76318359375,127.44900512695312,1070.639404296875,333.9900817871094,0.8033019304275513
35,833.465087890625,127.75131225585938,1070.5474853515625,334.10882568359375,0.8112593293190002
36,835.6822509765625,127.22430419921875,1071.0223388671875,333.79266357421875,0.8220126628875732
37,837.7144775390625,127.63308715820312,1071.2745361328125,334.3002014160156,0.8098633289337158
38,839.4979248046875,127.417236328125,1072.3353271484375,333.70672607421875,0.8349387049674988
39,841.1893310546875,127.39254760742188,1073.0057373046875,333.4024353027344,0.8316129446029663
40,843.8756103515625,127.66845703125,1074.55615234375,333.85894775390625,0.8450429439544678
41,846.60595703125,127.94940185546875,1075.35400390625,334.40191650390625,0.8268067240715027
42,849.2752685546875,128.766357421875,1075.6617431640625,334.54656982421875,0.8387294411659241
43,851.34716796875,128.88623046875,1075.8585205078125,334.7189636230469,0.8376648426055908
44,854.33935546875,128.9663543701172,1075.678955078125,335.12835693359375,0.7570104002952576
45,856.1201171875,129.5196533203125,1076.23974609375,334.9698486328125,0.8287346363067627
46,857.2052001953125,129.84178161621094,1077.3138427734375,336.0821533203125,0.7926307916641235
47,858.9892578125,130.2030029296875,1078.020751953125,336.118408203125,0.8069348335266113
48,860.3975830078125,130.0723419189453,1078.0797119140625,335.50750732421875,0.7919683456420898
49,860.56640625,130.88265991210938,1078.925537109375,335.6482849121094,0.7879346609115601
50,860.7392578125,131.38833618164062,1079.4024658203125,335.9198303222656,0.7079060673713684
51,860.7177734375,131.57894897460938,1079.740478515625,336.4040222167969,0.630196750164032
52,860.919921875,131.9852294921875,1080.522216796875,336.2625732421875,0.6672673225402832
53,860.7353515625,131.95558166503906,1081.0018310546875,336.193603515625,0.6358725428581238
54,860.829345703125,132.25143432617188,1081.67724609375,336.0091247558594,0.5879465937614441
55,861.214111328125,132.2791748046875,1081.971435546875,336.30096435546875,0.4695380926132202
55,861.9256591796875,132.42227172851562,1083.423095703125,337.3323059082031,0.3542180359363556
56,861.5660400390625,132.8889923095703,1082.41455078125,336.45245361328125,0.528406023979187
56,862.3746337890625,132.88031005859375,1083.74658203125,337.6336669921875,0.4037664532661438
57,860.57568359375,133.1121826171875,1082.46435546875,336.44854736328125,0.49304434657096863
57,861.246337890625,133.04574584960938,1083.8768310546875,337.6907653808594,0.4406247138977051
58,860.287353515625,133.23646545410156,1083.8095703125,337.6070556640625,0.5110415816307068
58,859.7860107421875,133.35931396484375,1082.3480224609375,336.43145751953125,0.3941137194633484
59,860.346923828125,133.3577423095703,1083.798828125,337.65142822265625,0.7270975112915039
60,860.649658203125,133.6624755859375,1083.623779296875,337.72259521484375,0.5892693400382996
60,860.1080322265625,134.01983642578125,1082.2586669921875,336.51361083984375,0.30204296112060547
61,860.730712890625,133.94589233398438,1084.1209716796875,337.9573059082031,0.6596953272819519
62,860.1929931640625,134.07557678222656,1084.8397216796875,338.1480712890625,0.6123397350311279
63,860.8277587890625,134.34649658203125,1086.2315673828125,338.77313232421875,0.604094386100769
63,860.237060546875,134.7303466796875,1084.3690185546875,337.267333984375,0.314177930355072
64,861.152587890625,134.762939453125,1086.77734375,339.24859619140625,0.5930296182632446
64,860.457275390625,135.196044921875,1084.8153076171875,337.7742919921875,0.3658216595649719
65,861.2574462890625,135.53102111816406,1087.8797607421875,338.56787109375,0.5234648585319519
65,860.421630859375,136.04542541503906,1085.6317138671875,337.274658203125,0.4645267426967621
66,861.009521484375,135.55679321289062,1088.30908203125,338.4988708496094,0.5367260575294495
66,860.0562744140625,136.0623779296875,1085.9442138671875,337.329345703125,0.4567374885082245
67,861.5526123046875,136.08099365234375,1089.2880859375,337.9993896484375,0.494147926568985
67,860.401611328125,136.5355682373047,1086.8759765625,336.87445068359375,0.4711626470088959
68,859.2769775390625,136.7610626220703,1086.93212890625,336.94439697265625,0.5654861927032471
68,859.999267578125,136.01486206054688,1089.3701171875,337.7716369628906,0.32876789569854736
69,859.8272705078125,136.3039093017578,1088.41650390625,338.75091552734375,0.5939432382583618
69,858.90283203125,137.00860595703125,1085.90234375,337.54180908203125,0.38966426253318787
70,858.5479736328125,137.01104736328125,1088.5302734375,337.39605712890625,0.5270295143127441
70,858.5238037109375,137.2096405029297,1086.1669921875,337.11883544921875,0.46394869685173035
71,858.341796875,137.05715942382812,1087.50830078125,336.7800598144531,0.6864197254180908
71,858.100341796875,137.14248657226562,1085.387939453125,336.7105407714844,0.3058902621269226
72,858.2896728515625,137.0581512451172,1086.05419921875,336.27935791015625,0.7084478735923767
73,858.154296875,136.7630615234375,1085.98193359375,337.29437255859375,0.7940658926963806
74,857.35009765625,136.7825164794922,1084.984375,337.98724365234375,0.8204991221427917
75,856.2900390625,136.81396484375,1084.0740966796875,337.92352294921875,0.7859589457511902
76,854.163330078125,137.3819580078125,1084.267578125,338.28076171875,0.8006528615951538
77,853.3056640625,137.78973388671875,1083.096435546875,339.900146484375,0.5261561274528503
78,852.4146728515625,137.99484252929688,1082.0919189453125,339.6622009277344,0.8021678924560547
79,851.3211669921875,138.01803588867188,1081.5169677734375,339.1855163574219,0.7745752334594727
80,850.86474609375,138.29025268554688,1080.047119140625,338.3818054199219,0.8030387759208679
80,0.324798583984375,73.154052734375,140.2223358154297,610.1651000976562,0.3824180066585541
81,850.440673828125,138.28631591796875,1079.9874267578125,337.9185791015625,0.7829482555389404
82,849.8280029296875,138.4167938232422,1079.4835205078125,338.26885986328125,0.7651095986366272
83,849.1214599609375,140.20574951171875,1080.8450927734375,338.34820556640625,0.4428117573261261
83,849.3970947265625,140.3960723876953,1078.1226806640625,339.38702392578125,0.358803391456604
84,848.057373046875,139.9357452392578,1078.94384765625,338.05841064453125,0.5028723478317261
85,846.3690185546875,140.619140625,1076.8232421875,337.467041015625,0.35330355167388916
86,843.3421630859375,141.58999633789062,1076.147216796875,337.8154602050781,0.4149972200393677
86,0.0,6.06207275390625,188.9267578125,575.1084594726562,0.3384244441986084
87,841.8670654296875,142.45245361328125,1075.912841796875,337.53216552734375,0.6005720496177673
87,0.0,14.07159423828125,201.15847778320312,613.87646484375,0.36017054319381714
87,2.2841796875,329.40716552734375,1138.633056640625,633.2838134765625,0.3127923607826233
88,841.2603759765625,141.6712646484375,1076.0782470703125,337.8779296875,0.6571232080459595
88,2.41064453125,329.00885009765625,1130.66748046875,626.5151977539062,0.4942534565925598
88,1.031494140625,22.11810302734375,1138.326416015625,626.4238891601562,0.3219873309135437
89,840.3992919921875,141.24327087402344,1076.1925048828125,337.6240234375,0.6444455981254578
89,2.3785400390625,167.73304748535156,1150.89208984375,627.1617431640625,0.5345674157142639
89,2.5396728515625,315.74273681640625,1168.9228515625,633.4345092773438,0.4163252115249634
90,838.3797607421875,142.24400329589844,1076.6639404296875,335.5509033203125,0.5719491839408875
90,0.8272705078125,40.8450927734375,1160.367431640625,645.084228515625,0.5509499907493591
91,838.8436279296875,142.8421173095703,1076.7216796875,334.68878173828125,0.5726578831672668
91,0.8709716796875,42.07708740234375,1159.20068359375,643.3729858398438,0.5706804990768433
92,1.625,28.7889404296875,1162.01904296875,654.9779052734375,0.5275974869728088
92,838.4931640625,143.33786010742188,1075.19482421875,334.8581237792969,0.42281776666641235
92,0.0,14.550537109375,211.94651794433594,642.2996826171875,0.41657501459121704
93,0.554931640625,23.394775390625,1155.2313232421875,658.4033203125,0.6258611679077148
93,836.78662109375,143.9547119140625,1074.666015625,335.70086669921875,0.3603392541408539
93,0.0,8.22088623046875,200.09124755859375,650.8455810546875,0.3302074670791626
94,0.279327392578125,78.50921630859375,227.0784149169922,674.2911987304688,0.49274343252182007
94,833.309326171875,144.1600341796875,1075.337890625,335.1793212890625,0.3396053612232208
95,0.3355865478515625,91.315673828125,214.40042114257812,687.8308715820312,0.7295222282409668
95,830.425048828125,145.2296600341797,1074.88037109375,334.58258056640625,0.37911927700042725
96,0.408111572265625,136.18243408203125,183.70269775390625,693.94091796875,0.37125685811042786
96,831.0057373046875,147.27490234375,1075.23291015625,334.16162109375,0.3528667986392975
97,0.345489501953125,132.544189453125,155.22421264648438,709.7646484375,0.8124558925628662
98,0.2733612060546875,131.8006591796875,147.7358856201172,708.8699340820312,0.5752493143081665
98,828.7269287109375,147.7494354248047,1074.412109375,333.54010009765625,0.3716112971305847
99,0.325714111328125,143.0357666015625,130.1313934326172,712.8458251953125,0.7781879901885986
99,826.02490234375,146.84378051757812,1074.1475830078125,334.2954406738281,0.6153028011322021
100,0.02960205078125,147.50823974609375,127.06216430664062,714.8507080078125,0.7527866959571838
100,823.8350830078125,147.60549926757812,1074.454345703125,334.0838317871094,0.6287140250205994
101,823.3197021484375,147.99478149414062,1074.3262939453125,334.3341979980469,0.6602992415428162
101,0.0,160.6435546875,131.99224853515625,703.2808837890625,0.6217299103736877
102,822.052490234375,146.76165771484375,1074.354736328125,334.31732177734375,0.7071100473403931
102,0.163116455078125,170.2593536376953,174.57684326171875,429.11859130859375,0.48623692989349365
102,0.0,167.17767333984375,174.51095581054688,695.3856811523438,0.310211718082428
103,0.113189697265625,174.6070098876953,225.70343017578125,446.84307861328125,0.6647347211837769
103,821.49853515625,148.5837860107422,1073.708984375,334.36553955078125,0.5906586050987244
103,0.0466156005859375,174.10546875,225.64932250976562,713.0769653320312,0.3047153353691101
104,0.1788330078125,183.20628356933594,267.013916015625,453.142822265625,0.7427414655685425
104,820.276123046875,149.25054931640625,1073.1505126953125,334.516845703125,0.628623366355896
105,818.7454833984375,147.95944213867188,1072.9532470703125,334.6654357910156,0.6865553855895996
105,0.2655029296875,140.88055419921875,301.756591796875,710.9086303710938,0.6745865345001221
106,0.468658447265625,56.4483642578125,337.7606506347656,714.416748046875,0.7939372062683105
106,817.1656494140625,148.05615234375,1072.30615234375,334.9471435546875,0.7242936491966248
107,0.287139892578125,113.49615478515625,335.87213134765625,713.2715454101562,0.7792059779167175
107,816.2972412109375,147.24636840820312,1071.55517578125,335.0072326660156,0.7749556303024292
108,812.8214111328125,144.929443359375,1070.9442138671875,335.65423583984375,0.8229039311408997
108,0.25311279296875,178.12078857421875,296.19610595703125,707.9526977539062,0.7200686931610107
109,810.1624755859375,146.500244140625,1069.917236328125,335.73992919921875,0.8233776688575745
109,0.0,195.716064453125,236.03273010253906,708.933837890625,0.6834900379180908
110,809.1136474609375,148.53738403320312,1068.32470703125,335.6209411621094,0.7599707245826721
111,807.7276611328125,150.24530029296875,1067.6990966796875,335.54644775390625,0.6969836950302124
111,0.4346923828125,166.520263671875,212.56402587890625,705.9053344726562,0.36280956864356995
112,804.815185546875,149.35650634765625,1066.963623046875,335.26385498046875,0.7634289860725403
113,801.8817138671875,146.43397521972656,1066.3258056640625,335.34130859375,0.7658112645149231
113,0.1088409423828125,130.417236328125,237.97813415527344,678.649658203125,0.35979875922203064
114,800.3099365234375,147.10450744628906,1064.8018798828125,334.914306640625,0.776504635810852
114,0.0037384033203125,70.10919189453125,248.24270629882812,690.8816528320312,0.5601674914360046
115,798.9117431640625,148.25875854492188,1064.0462646484375,335.5377502441406,0.7646902203559875
115,0.32989501953125,38.12445068359375,251.4056396484375,684.281005859375,0.6915582418441772
116,0.5084991455078125,4.3123779296875,254.01495361328125,670.5648193359375,0.8686447143554688
116,795.0877685546875,149.85833740234375,1063.0352783203125,335.5965576171875,0.7608608603477478
117,0.730560302734375,6.92236328125,251.34141540527344,658.8883056640625,0.8626847267150879
117,793.0841064453125,145.27703857421875,1061.7060546875,335.46673583984375,0.8161177039146423
118,0.33111572265625,7.65625,245.72848510742188,641.469970703125,0.8126716613769531
118,792.359619140625,144.9200897216797,1059.779296875,335.17913818359375,0.8101409077644348
119,789.6104736328125,144.56341552734375,1059.49365234375,335.49591064453125,0.8223400712013245
119,0.3558349609375,74.16650390625,255.2335968017578,639.5501708984375,0.306738942861557
120,787.32470703125,146.04002380371094,1058.558837890625,335.8480224609375,0.8166946172714233
120,0.0,149.83152770996094,253.4163055419922,638.8828125,0.44791024923324585
121,784.168212890625,142.5753936767578,1058.1400146484375,333.54388427734375,0.8104715943336487
121,0.4076690673828125,184.279052734375,255.215576171875,629.5576171875,0.3127390444278717
122,775.7142333984375,140.4670867919922,1056.7694091796875,332.51544189453125,0.7974201440811157
122,0.0,191.1184844970703,246.14987182617188,636.8414916992188,0.4978064298629761
123,767.0235595703125,138.65574645996094,1056.0784912109375,333.079345703125,0.8319253921508789
124,758.2572021484375,137.15811157226562,1055.197021484375,331.2658996582031,0.8417201042175293
124,0.0,197.5474090576172,236.3297119140625,634.0083618164062,0.4655825197696686
125,751.54541015625,137.47117614746094,1054.794921875,330.9776611328125,0.8548325896263123
126,745.2552490234375,136.7019500732422,1054.8416748046875,331.26019287109375,0.8642266392707825
126,0.2470550537109375,202.64500427246094,226.0362091064453,634.658203125,0.5219528079032898
127,738.47509765625,134.070556640625,1053.804443359375,331.49188232421875,0.8611162900924683
127,0.11199951171875,207.65061950683594,215.598388671875,637.769287109375,0.5224236249923706
128,730.9991455078125,131.24261474609375,1053.3135986328125,330.3475341796875,0.8207849264144897
129,722.7158203125,133.04055786132812,1052.48388671875,332.8379821777344,0.7584426403045654
130,713.359375,129.6451416015625,1050.5653076171875,332.1357421875,0.7319101095199585
130,0.0,221.12860107421875,243.96922302246094,635.7122802734375,0.3873732089996338
131,704.87158203125,128.90777587890625,1049.4892578125,333.08599853515625,0.7429207563400269
131,2.142333984375,232.538330078125,1199.123291015625,647.558349609375,0.5075277090072632
132,698.253662109375,125.80252075195312,1047.7568359375,332.25225830078125,0.7573216557502747
132,0.2005615234375,234.7598876953125,267.423095703125,638.9451293945312,0.5624428987503052
133,690.07958984375,125.05963134765625,1045.841064453125,332.72442626953125,0.8014224171638489
133,0.0,245.34765625,277.71337890625,635.27490234375,0.6924163699150085
133,1.8963623046875,244.166259765625,1172.434814453125,642.423583984375,0.30681905150413513
134,685.4969482421875,122.740234375,1043.266357421875,333.6788330078125,0.7685790061950684
134,0.14495849609375,250.99407958984375,286.18353271484375,627.1411743164062,0.6932945251464844
135,681.791259765625,120.99444580078125,1039.5283203125,332.87200927734375,0.729326069355011
135,0.218902587890625,254.13818359375,291.33013916015625,614.3646240234375,0.7159456014633179
135,1.9320068359375,249.6212158203125,1164.908203125,623.2898559570312,0.3465033173561096
136,678.4757080078125,120.730712890625,1036.5328369140625,332.9913330078125,0.713307797908783
136,2.6981201171875,247.28790283203125,1155.3367919921875,613.334716796875,0.5802848935127258
136,0.324188232421875,251.891845703125,287.6148681640625,600.705322265625,0.31313538551330566
137,678.0526123046875,120.19366455078125,1033.8367919921875,333.43524169921875,0.7479294538497925
137,3.138916015625,246.2333984375,1182.2027587890625,608.0453491210938,0.4955519437789917
137,0.0,248.9698486328125,277.2789306640625,596.0216064453125,0.3495270907878876
138,678.1478271484375,121.06430053710938,1030.2840576171875,333.90069580078125,0.7118715643882751
138,0.0,244.85565185546875,263.4430847167969,593.7804565429688,0.5159738659858704
139,679.73291015625,124.404296875,1026.10888671875,334.0953063964844,0.7207924127578735
139,3.853759765625,241.047607421875,1194.081298828125,592.7919921875,0.6645566821098328
140,680.6773681640625,129.29632568359375,1021.4422607421875,332.80517578125,0.6695477962493896
140,1.5223388671875,237.7120361328125,1173.5355224609375,588.28955078125,0.41130736470222473
141,682.345947265625,142.41033935546875,1017.478515625,334.8701171875,0.7476697564125061
141,1.4664306640625,234.75958251953125,1172.0584716796875,586.001953125,0.5036095976829529
142,680.849609375,159.75494384765625,1017.133544921875,333.9083251953125,0.6934196352958679
142,1.01904296875,229.52569580078125,1161.97265625,577.9767456054688,0.5270743370056152
143,675.055908203125,161.55764770507812,1014.028076171875,335.3293151855469,0.7712477445602417
143,1.213623046875,226.23626708984375,1153.999267578125,584.0413818359375,0.48021990060806274
144,670.3311767578125,160.72821044921875,1012.0916748046875,332.2340087890625,0.6189536452293396
144,0.0,219.2398681640625,192.69166564941406,578.0048217773438,0.617987334728241
145,0.0186920166015625,214.3681640625,190.726806640625,581.424072265625,0.7564751505851746
145,702.898193359375,177.43511962890625,1006.991943359375,281.1044616699219,0.3143370449542999
145,671.3839111328125,171.15914916992188,1008.1131591796875,335.6671447753906,0.30139195919036865
146,669.46337890625,164.69500732421875,1006.8199462890625,334.57745361328125,0.7412381768226624
146,0.2568206787109375,213.76361083984375,188.1892547607422,582.7505493164062,0.6242691278457642
147,0.0,210.38104248046875,183.8519287109375,581.20751953125,0.4531819522380829
147,675.1326904296875,168.07058715820312,1002.8675537109375,331.4131164550781,0.3326285183429718
148,0.039031982421875,206.3917236328125,181.9168701171875,580.7340087890625,0.7917805910110474
148,681.22607421875,170.71006774902344,1002.3466796875,334.862548828125,0.35210704803466797
149,0.0,205.60699462890625,178.74673461914062,576.0494995117188,0.6664018034934998
149,682.0471801757812,170.06689453125,1000.2614135742188,334.84228515625,0.33883345127105713
150,0.0,209.2526092529297,174.76516723632812,573.6106567382812,0.6269086599349976
151,660.12646484375,169.46792602539062,995.091552734375,335.3493957519531,0.5580844879150391
152,624.8489990234375,169.05999755859375,992.1163330078125,334.50018310546875,0.69770747423172
153,625.9348754882812,170.37184143066406,989.2836303710938,333.3267822265625,0.7240511178970337
154,625.9117431640625,172.49057006835938,986.105712890625,333.1139221191406,0.7462306022644043
155,661.8687133789062,169.56732177734375,984.5897827148438,333.384033203125,0.6159073114395142
155,624.4754638671875,172.4675750732422,983.3541259765625,331.96722412109375,0.602039635181427
155,0.0,206.55633544921875,222.57257080078125,446.3497314453125,0.4467138946056366
155,733.3880615234375,294.0276794433594,963.4310302734375,335.3659362792969,0.43814241886138916
156,0.0,204.73529052734375,223.2980499267578,442.14483642578125,0.6275395154953003
156,651.016845703125,165.13539123535156,981.344482421875,332.1490478515625,0.599342942237854
156,667.79833984375,165.2625732421875,981.161865234375,334.1270751953125,0.5429917573928833
156,731.3309936523438,293.73028564453125,965.3947143554688,336.13128662109375,0.32020673155784607
157,0.587646484375,203.12413024902344,285.57781982421875,447.9422607421875,0.6818454265594482
157,632.738525390625,162.766845703125,986.3541259765625,333.61676025390625,0.6271610856056213
157,728.9971313476562,286.60906982421875,968.1154174804688,335.66644287109375,0.5266599059104919
157,625.4283447265625,163.48919677734375,978.6395263671875,331.017578125,0.40030765533447266
157,728.3931884765625,261.269775390625,975.3250732421875,335.6871337890625,0.37801656126976013
158,626.717041015625,161.3903045654297,983.6142578125,333.09173583984375,0.5663614273071289
158,0.047515869140625,205.0574493408203,273.6196594238281,448.18902587890625,0.49422764778137207
158,622.9066162109375,161.0040283203125,977.5723876953125,330.5286865234375,0.48150694370269775
158,727.737548828125,295.87945556640625,966.279052734375,335.29888916015625,0.4349452555179596
158,727.19140625,279.07421875,972.3729248046875,335.3515625,0.306453138589859
159,626.634033203125,158.79237365722656,982.9835205078125,332.404296875,0.5958280563354492
159,726.76318359375,297.17181396484375,966.36572265625,334.86712646484375,0.4647188186645508
159,0.5618896484375,203.3753662109375,1145.7520751953125,501.393798828125,0.3976939618587494
159,620.53173828125,157.66696166992188,976.24853515625,329.4425354003906,0.3762606978416443
160,0.0,209.20822143554688,147.6549835205078,448.8121032714844,0.562725841999054
160,621.972900390625,157.60011291503906,973.67431640625,331.5369873046875,0.5557370781898499
160,624.4052734375,157.49951171875,979.8232421875,333.18988037109375,0.4620099663734436
160,725.9293212890625,297.337646484375,961.6192626953125,335.57763671875,0.39558905363082886
161,0.0,206.1344451904297,141.73483276367188,446.32171630859375,0.7837190628051758
161,621.3982543945312,158.0959930419922,971.1173706054688,331.33795166015625,0.5531904101371765
161,629.0408935546875,157.3784637451172,974.9049072265625,333.45526123046875,0.39306607842445374
162,0.0,204.79739379882812,139.43173217773438,441.9447937011719,0.7183524370193481
162,608.03076171875,158.390869140625,971.917236328125,331.2294921875,0.5185037851333618
162,607.822265625,156.3068084716797,974.100830078125,333.45526123046875,0.4379998445510864
162,724.6749267578125,290.57427978515625,961.4329833984375,335.90582275390625,0.35000866651535034
163,0.0,202.8962860107422,138.5115509033203,442.34820556640625,0.8110888004302979
163,608.1138916015625,155.8488006591797,972.8485107421875,333.01788330078125,0.5290237069129944
163,603.3641357421875,157.83941650390625,971.2042236328125,330.65380859375,0.4416375160217285
163,724.91650390625,294.44232177734375,960.9918212890625,335.48248291015625,0.42371654510498047
163,725.232666015625,267.70208740234375,967.60302734375,335.35296630859375,0.35347500443458557
164,0.003143310546875,198.85548400878906,135.8724365234375,467.4893798828125,0.7376440763473511
164,601.522216796875,155.37037658691406,972.7581787109375,332.77197265625,0.5784904360771179
164,726.6473388671875,296.19854736328125,961.5816650390625,335.3743896484375,0.47379764914512634
164,595.0791015625,157.5042724609375,971.0140380859375,329.87396240234375,0.33884263038635254
165,0.0851287841796875,191.36651611328125,134.65220642089844,490.27423095703125,0.7409167885780334
165,656.609619140625,153.8062744140625,972.8140869140625,333.13525390625,0.6070985794067383
165,726.726318359375,293.60540771484375,961.81787109375,335.38031005859375,0.4685817062854767
165,726.8099365234375,258.13177490234375,965.9239501953125,335.37469482421875,0.3574305474758148
166,0.0129852294921875,185.94374084472656,132.929443359375,498.32421875,0.704698920249939
166,653.75244140625,153.4381561279297,970.98583984375,332.95306396484375,0.623844563961029
166,726.8272094726562,286.4023132324219,960.7750854492188,335.3406677246094,0.5808573365211487
166,727.0927734375,245.25103759765625,965.035888671875,335.53350830078125,0.502298891544342
166,726.5083618164062,296.96258544921875,930.5355834960938,336.96636962890625,0.3456551134586334
167,647.5594482421875,153.28866577148438,967.5291748046875,332.5780944824219,0.61358243227005
167,726.43994140625,272.51336669921875,960.126953125,335.38201904296875,0.5749328136444092
167,726.882568359375,240.685546875,963.1160888671875,335.5179443359375,0.5538803339004517
167,0.12908935546875,182.704345703125,129.6030731201172,451.44903564453125,0.49063560366630554
167,726.3720703125,295.5682067871094,932.99267578125,337.0970153808594,0.3046538233757019
168,0.0,179.61219787597656,127.1505126953125,448.653076171875,0.7213923335075378
168,649.1824951171875,153.15994262695312,967.4906005859375,332.8304748535156,0.5874228477478027
168,726.54638671875,281.4742431640625,959.7071533203125,335.310546875,0.5008513927459717
168,726.9071655273438,240.8397216796875,962.9489135742188,335.3641357421875,0.45178356766700745
169,0.0,173.7106170654297,124.22868347167969,450.27923583984375,0.7678213119506836
169,641.5382080078125,152.74595642089844,967.0494384765625,332.3145751953125,0.5269438028335571
169,725.5904541015625,280.6080322265625,958.9654541015625,335.17901611328125,0.48623713850975037
169,726.287353515625,241.078125,962.2845458984375,335.1983642578125,0.4489615261554718
169,725.468505859375,293.3702087402344,927.664306640625,337.2674255371094,0.30296704173088074
170,0.0,171.49993896484375,121.15437316894531,454.93072509765625,0.8465319275856018
170,635.638916015625,152.41233825683594,965.8515625,331.6494140625,0.5299856662750244
170,725.5411376953125,275.98931884765625,958.6702880859375,335.06298828125,0.4231433570384979
170,726.388916015625,241.394287109375,961.427734375,335.0819091796875,0.41984134912490845
171,0.0,167.62042236328125,120.93692779541016,462.3726806640625,0.809499979019165
171,640.5239868164062,151.62179565429688,965.9586791992188,331.2115783691406,0.6076494455337524
171,727.2957763671875,290.7862548828125,957.4423828125,335.05389404296875,0.34445828199386597
172,0.0,166.95867919921875,118.5384292602539,467.1600341796875,0.8056847453117371
172,641.6317138671875,151.25540161132812,965.6859130859375,331.7428283691406,0.626319944858551
172,727.0941772460938,293.42413330078125,955.9998168945312,335.14569091796875,0.31188657879829407
172,573.7991943359375,153.44488525390625,964.7569580078125,329.753662109375,0.31187552213668823
173,0.0,148.9091796875,118.38695526123047,495.812255859375,0.7721959352493286
173,642.4478759765625,150.697265625,965.048828125,331.29534912109375,0.6561098098754883
174,0.0,121.30401611328125,118.76355743408203,503.3995361328125,0.8189619183540344
174,644.518310546875,150.25714111328125,964.0693359375,331.2928466796875,0.6889180541038513
175,0.0,124.61082458496094,118.36227416992188,498.25048828125,0.8466455340385437
175,646.7259521484375,149.58087158203125,963.5736083984375,331.8760986328125,0.5229743123054504
175,610.4815673828125,150.6973876953125,963.5284423828125,332.22821044921875,0.33182305097579956
176,0.0,123.37091064453125,118.21489715576172,502.04132080078125,0.8608506917953491
176,614.02685546875,150.46359252929688,962.23486328125,332.1730651855469,0.4764540493488312
177,0.0,122.89013671875,118.71915435791016,503.486328125,0.8351883888244629
177,584.43359375,150.28614807128906,961.2491455078125,332.2196044921875,0.5296444892883301
178,0.0,123.77008056640625,120.5151596069336,501.79241943359375,0.8168280720710754
178,587.814208984375,150.20916748046875,961.2535400390625,332.22418212890625,0.4953297972679138
179,0.0,123.90142822265625,121.81437683105469,506.94244384765625,0.8158056139945984
179,594.7828369140625,149.4388885498047,960.6197509765625,332.20318603515625,0.4711895287036896
180,0.0,127.03936767578125,123.4100112915039,509.392333984375,0.8534674644470215
180,618.8369140625,148.9525909423828,960.558349609375,332.22686767578125,0.44275718927383423
181,0.0,131.42724609375,124.92443084716797,510.00927734375,0.8503478765487671
181,596.4224853515625,148.26991271972656,960.4991455078125,331.9388427734375,0.469951868057251
182,0.0,136.41722106933594,124.61959075927734,508.9893798828125,0.8745100498199463
182,631.6707763671875,148.37600708007812,959.6883544921875,331.9910583496094,0.4082498252391815
183,0.0,140.89051818847656,124.52671813964844,508.989013671875,0.8722926378250122
183,647.4234619140625,147.23048400878906,960.3470458984375,332.3922119140625,0.38660499453544617
183,630.4847412109375,148.3770751953125,959.6192626953125,331.95172119140625,0.34072762727737427
184,0.0,142.65196228027344,123.05030822753906,509.641845703125,0.8616575002670288
184,645.6102905273438,147.42860412597656,959.1560668945312,333.049072265625,0.3986653685569763
184,610.48291015625,148.6361846923828,957.8701171875,332.41253662109375,0.3199244737625122
185,0.0,142.2575225830078,121.81810760498047,510.80352783203125,0.8616235852241516
185,643.7532958984375,147.30203247070312,957.366943359375,333.1826477050781,0.3715232312679291
185,601.70654296875,148.62429809570312,955.983642578125,332.2579650878906,0.3607933819293976
186,0.0,141.96885681152344,122.79847717285156,510.945068359375,0.8470431566238403
186,597.7679443359375,148.90499877929688,956.2955322265625,332.5652160644531,0.40670108795166016
187,0.0,142.33489990234375,123.8366928100586,510.5316162109375,0.8560430407524109
187,587.75244140625,148.2906494140625,956.608154296875,331.9234619140625,0.4097449779510498
188,0.0,140.848876953125,126.23455810546875,509.1029052734375,0.8483237028121948
188,646.0994873046875,146.47386169433594,959.8023681640625,332.073974609375,0.4391097128391266
188,619.4420166015625,147.21142578125,958.1048583984375,331.45416259765625,0.38972094655036926
189,0.0,134.65692138671875,128.34201049804688,509.16064453125,0.8488263487815857
189,619.2055053710938,146.66424560546875,958.1947631835938,331.00018310546875,0.4200214445590973
189,645.26220703125,146.06973266601562,959.986083984375,331.5380554199219,0.3381895124912262
190,0.0,132.2901611328125,130.52142333984375,508.47503662109375,0.858929455280304
190,622.0726318359375,146.47784423828125,958.3560791015625,331.2745361328125,0.43565741181373596
191,0.0,123.57725524902344,130.30929565429688,508.49072265625,0.8827048540115356
191,620.072265625,146.31329345703125,957.20263671875,331.2664794921875,0.4233129918575287
191,644.50927734375,145.79481506347656,958.929443359375,331.9732666015625,0.30587780475616455
192,0.0,118.58030700683594,130.6744384765625,508.3883056640625,0.8591681718826294
192,595.2353515625,146.33534240722656,955.301513671875,331.27978515625,0.555330216884613
193,0.0,117.26194763183594,132.5758056640625,509.1373291015625,0.7793018817901611
193,560.9620361328125,146.598876953125,954.1776123046875,331.3885498046875,0.6325072050094604
194,0.0,105.490966796875,133.80262756347656,508.1981201171875,0.8754557967185974
194,553.9600830078125,145.441650390625,955.20849609375,330.45538330078125,0.5906021595001221
195,0.0,93.67877197265625,136.81427001953125,504.40509033203125,0.8297095894813538
195,564.83349609375,145.37252807617188,955.79638671875,330.7819519042969,0.5178694725036621
196,0.1503753662109375,40.09132385253906,140.1721954345703,503.9979248046875,0.761552631855011
196,616.406005859375,145.792236328125,956.06103515625,331.3861083984375,0.45647528767585754
197,0.0,90.314697265625,145.05108642578125,495.0712890625,0.814698338508606
197,622.8260498046875,145.82369995117188,956.6573486328125,331.0751647949219,0.47669219970703125
198,0.0495147705078125,107.41621398925781,148.18858337402344,461.43841552734375,0.5627171397209167
198,589.4622802734375,145.58860778808594,956.4840087890625,331.2232666015625,0.4504554867744446
199,0.0277099609375,86.68904113769531,152.29673767089844,480.23895263671875,0.6422642469406128
199,554.4698486328125,146.310546875,954.9007568359375,331.18048095703125,0.5429733395576477
200,0.0848388671875,74.92475891113281,155.7570037841797,455.45208740234375,0.7488420605659485
200,613.192138671875,146.71197509765625,955.1929931640625,331.7437744140625,0.3200087249279022
201,0.0,80.02638244628906,158.00852966308594,463.761474609375,0.7594783902168274
201,550.658447265625,146.6185760498047,955.0931396484375,331.86639404296875,0.48940104246139526
202,0.041412353515625,72.49710083007812,163.5269775390625,435.7860412597656,0.41262975335121155
202,544.3729248046875,147.11871337890625,955.2132568359375,331.09014892578125,0.3879934847354889
203,0.1820220947265625,48.81101989746094,167.9167022705078,432.8505859375,0.5400612354278564
203,533.2037353515625,148.1981964111328,955.4329833984375,330.74993896484375,0.3748505711555481
204,0.2578277587890625,82.6485595703125,172.68910217285156,438.15582275390625,0.7061054110527039
204,520.77880859375,149.9949951171875,955.6883544921875,331.1346435546875,0.550300121307373
205,0.25775146484375,78.59796142578125,174.31671142578125,428.9620361328125,0.6855483055114746
205,508.4759216308594,150.82562255859375,955.9129638671875,330.6676025390625,0.33984044194221497
206,0.5276336669921875,90.14361572265625,177.0790557861328,426.07916259765625,0.6128084063529968
207,0.0,87.30435180664062,181.5433807373047,457.9851379394531,0.5878027081489563
207,477.26507568359375,150.40972900390625,954.0958862304688,329.94964599609375,0.30046185851097107
208,0.0,87.28688049316406,183.66552734375,476.373291015625,0.6044139266014099
208,467.68243408203125,152.18492126464844,954.0626831054688,332.1644287109375,0.43390345573425293
209,0.0,86.25439453125,185.30123901367188,484.041015625,0.5662681460380554
209,649.6275024414062,150.2953643798828,952.9275512695312,333.02813720703125,0.338950514793396
210,0.0,83.95925903320312,187.28134155273438,478.8542175292969,0.3883051872253418
210,448.7629699707031,147.19960021972656,952.554931640625,332.0347900390625,0.3302024304866791
211,0.3959197998046875,95.26878356933594,188.99188232421875,478.7509765625,0.6918073296546936
211,293.3243408203125,146.29827880859375,953.630615234375,332.23382568359375,0.41681981086730957
212,0.003173828125,86.68475341796875,201.03977966308594,477.13299560546875,0.6416438817977905
212,432.49853515625,143.37078857421875,954.90087890625,330.97259521484375,0.5261449813842773
213,430.7352294921875,142.2708740234375,954.3212890625,331.213623046875,0.6581371426582336
213,0.241455078125,83.619873046875,200.75857543945312,422.77508544921875,0.52704918384552
214,432.5989990234375,140.5055389404297,954.092041015625,330.77398681640625,0.5962637662887573
215,438.3777160644531,140.11256408691406,952.140869140625,330.951171875,0.49310582876205444
216,0.0821380615234375,78.22261047363281,202.08657836914062,462.4697265625,0.6407784223556519
216,442.5743408203125,138.9638671875,953.2056884765625,331.75323486328125,0.5591546297073364
217,453.7652587890625,138.3041229248047,952.751953125,332.51837158203125,0.5533013939857483
218,462.582763671875,136.51226806640625,952.27392578125,332.9970703125,0.7464075088500977
219,467.71771240234375,135.62265014648438,952.6942749023438,332.8021545410156,0.8321301341056824
219,0.2731170654296875,53.9425048828125,201.75038146972656,476.739501953125,0.7538375854492188
220,472.2796630859375,135.0128631591797,952.5157470703125,332.76885986328125,0.7967127561569214
220,0.220001220703125,54.75091552734375,198.1436767578125,473.980712890625,0.7239779233932495
221,481.77691650390625,134.5519256591797,951.8478393554688,332.73931884765625,0.8280391693115234
221,0.2369537353515625,50.628265380859375,196.38677978515625,477.9842224121094,0.7691198587417603
222,488.3245544433594,133.41595458984375,951.1639404296875,332.54119873046875,0.862246036529541
222,0.18194580078125,16.943038940429688,196.20895385742188,471.14044189453125,0.5681255459785461
223,492.13751220703125,131.0916748046875,951.1697387695312,332.66339111328125,0.842377245426178
223,0.0652313232421875,66.09222412109375,199.02684020996094,459.58135986328125,0.43706947565078735
224,0.1279144287109375,11.841339111328125,195.40016174316406,463.5395202636719,0.7870816588401794
224,498.278564453125,128.54971313476562,951.21875,332.43212890625,0.7512459754943848
225,0.06719970703125,37.88487243652344,196.715576171875,448.573486328125,0.7506076693534851
225,500.6524353027344,127.5037841796875,951.9490966796875,332.51220703125,0.7338525056838989
226,0.10565185546875,40.03129577636719,197.86764526367188,438.60394287109375,0.7852662205696106
226,503.6343994140625,125.90087890625,952.7969970703125,332.5076904296875,0.6404020190238953
227,0.0306549072265625,34.9759521484375,198.7265167236328,440.52734375,0.843837320804596
227,501.95367431640625,123.76522827148438,951.5986938476562,332.8625183105469,0.48319950699806213
228,0.00018310546875,4.353515625,201.46803283691406,441.36376953125,0.799026608467102
228,691.0328979492188,122.99114990234375,945.3704223632812,332.28900146484375,0.394069641828537
228,500.95458984375,122.85675048828125,949.8443603515625,333.0006408691406,0.32057031989097595
229,0.0,5.13922119140625,204.09759521484375,452.09033203125,0.810767650604248
229,504.21527099609375,122.0206298828125,953.7883911132812,332.54833984375,0.5092664957046509
230,0.17236328125,43.47930908203125,208.46969604492188,452.468505859375,0.7599155306816101
230,507.7589111328125,121.0166015625,950.742919921875,331.740478515625,0.5589938163757324
231,0.228851318359375,68.83407592773438,216.53201293945312,452.1485900878906,0.6531497240066528
231,507.777099609375,122.6070556640625,946.9522705078125,332.7373046875,0.48233315348625183
232,0.44873046875,76.73580932617188,226.42578125,450.4359436035156,0.7272857427597046
232,691.734130859375,118.30313110351562,943.332275390625,332.8281555175781,0.40689581632614136
233,690.8059692382812,118.5345458984375,946.5896606445312,331.1343994140625,0.5965521931648254
233,0.027923583984375,2.5662841796875,233.68699645996094,439.4383544921875,0.39831069111824036
234,698.556396484375,117.16146850585938,948.913330078125,332.336669921875,0.7714943885803223
235,698.3787841796875,116.44198608398438,945.7747802734375,333.74957275390625,0.7684500217437744
235,0.61419677734375,33.731781005859375,238.77024841308594,444.4014587402344,0.34052908420562744
236,701.769287109375,116.55416870117188,951.2188720703125,334.53363037109375,0.5154417157173157
236,0.1755523681640625,6.059600830078125,240.6646728515625,445.802978515625,0.48821592330932617
237,0.4181365966796875,67.83509826660156,240.64776611328125,447.3662109375,0.6405401229858398
237,702.1448974609375,116.80914306640625,949.4112548828125,335.294677734375,0.3448100686073303
237,273.271728515625,119.19598388671875,947.300048828125,333.02142333984375,0.34324583411216736
238,704.5982666015625,115.98016357421875,953.8455810546875,336.3253173828125,0.813230037689209
238,0.08746337890625,71.01751708984375,241.7007293701172,446.7763671875,0.6693671345710754
239,707.4432373046875,115.86441040039062,954.5657958984375,336.82916259765625,0.7692886590957642
239,0.317962646484375,73.13005065917969,239.7982177734375,446.07720947265625,0.6521767377853394
240,707.9146728515625,116.47076416015625,950.5887451171875,336.6506652832031,0.8620805740356445
241,713.1075439453125,116.56436157226562,949.5296630859375,336.4228515625,0.7901405692100525
241,0.3645477294921875,69.72608947753906,239.90158081054688,449.5999755859375,0.3541276454925537
242,718.3834228515625,116.3009033203125,950.0230712890625,337.08624267578125,0.7489529252052307
242,0.6084136962890625,64.6268310546875,240.73680114746094,452.69866943359375,0.39876216650009155
243,725.0470581054688,116.42459106445312,950.4818725585938,336.5404052734375,0.7573632001876831
243,622.503173828125,237.40927124023438,800.209716796875,299.8601989746094,0.5404616594314575
243,0.710052490234375,71.64817810058594,237.82046508789062,448.62109375,0.32873794436454773
244,764.9942626953125,116.41754150390625,951.6209716796875,335.7135314941406,0.6948087215423584
244,642.7257080078125,236.57623291015625,823.9320068359375,304.46612548828125,0.6432684659957886
245,772.378662109375,117.9569091796875,953.1640625,337.15966796875,0.4561159014701843
245,665.195556640625,237.89590454101562,829.802978515625,311.9568786621094,0.3963826596736908
246,690.0604248046875,117.49966430664062,954.882568359375,337.4039306640625,0.6595147252082825
246,0.1229400634765625,54.87806701660156,230.27572631835938,459.628662109375,0.5380654335021973
247,712.019775390625,120.17123413085938,959.81005859375,336.49212646484375,0.7801105380058289
247,0.402618408203125,54.56071472167969,229.38848876953125,463.37872314453125,0.6282271146774292
248,737.4332275390625,120.03286743164062,955.219482421875,334.8277282714844,0.6552396416664124
249,764.830810546875,118.55352783203125,961.361328125,334.9996643066406,0.7185567617416382
249,0.0,54.69525146484375,228.3847198486328,452.92791748046875,0.39471110701560974
250,792.4855346679688,117.9404296875,962.9920043945312,334.12371826171875,0.7930619716644287
250,0.0,58.1414794921875,227.41220092773438,456.509521484375,0.724432110786438
251,800.25244140625,118.47476196289062,966.8603515625,337.1116943359375,0.8138498663902283
251,0.0,61.91508483886719,226.3463592529297,455.55938720703125,0.7215536236763
252,802.2025146484375,124.60751342773438,957.8719482421875,331.9166259765625,0.8110624551773071
252,0.0,76.49639892578125,225.41282653808594,453.37225341796875,0.6331456899642944
253,0.0,69.361572265625,225.6710968017578,452.362060546875,0.7644228339195251
253,803.4593505859375,122.18682861328125,959.5860595703125,330.8216552734375,0.6327334642410278
254,0.4446563720703125,72.1287841796875,226.45477294921875,450.5340576171875,0.8088313937187195
254,797.2855224609375,196.11886596679688,970.253662109375,338.2568664550781,0.6283882260322571
254,804.5701904296875,120.12258911132812,965.7237548828125,330.74078369140625,0.6069780588150024
254,805.1060791015625,121.78889465332031,964.6986083984375,222.57106018066406,0.3144962191581726
255,0.4315338134765625,72.95523071289062,227.90798950195312,449.3678894042969,0.8249787092208862
255,800.6168212890625,194.79019165039062,978.0357666015625,338.6261901855469,0.6883773803710938
255,805.836181640625,123.13235473632812,975.7177734375,329.2149353027344,0.6733506917953491
256,0.315765380859375,66.60224914550781,228.38748168945312,445.05731201171875,0.7668472528457642
256,806.8779296875,118.03073120117188,998.7288818359375,327.4186096191406,0.5234330296516418
257,0.4665374755859375,12.026885986328125,229.70590209960938,443.5231018066406,0.43688255548477173
257,805.7022705078125,117.40835571289062,982.1573486328125,330.08331298828125,0.3177763819694519
257,808.447021484375,119.73153686523438,981.773193359375,235.40591430664062,0.31549695134162903
258,806.632080078125,118.47442626953125,986.98046875,331.15753173828125,0.5332512259483337
258,0.6314849853515625,43.50596618652344,230.53436279296875,443.491943359375,0.3389385938644409
258,809.951904296875,121.5233154296875,984.2841796875,235.63241577148438,0.3377207815647125
259,0.647796630859375,6.982574462890625,232.0315399169922,443.8400573730469,0.5688567757606506
259,803.4935302734375,122.58645629882812,985.24853515625,333.0740966796875,0.44296178221702576
260,0.5394744873046875,4.04656982421875,233.0417938232422,444.20831298828125,0.5316774249076843
260,810.9328002929688,122.16677856445312,992.1117553710938,225.84323120117188,0.4565712511539459
261,813.0986328125,118.97247314453125,993.4853515625,217.87808227539062,0.4666145443916321
261,0.063812255859375,1.369140625,235.37022399902344,449.15887451171875,0.4406706690788269
262,0.4709625244140625,3.276580810546875,234.92938232421875,448.602294921875,0.6986747980117798
262,813.5308227539062,117.19305419921875,993.9828491210938,216.4248046875,0.39712411165237427
262,808.2351684570312,117.14794921875,997.7540893554688,332.97247314453125,0.34800368547439575
263,0.44769287109375,3.1258544921875,235.3291778564453,449.86090087890625,0.7476523518562317
263,812.183837890625,117.05548095703125,997.331298828125,333.63836669921875,0.39820829033851624
263,814.522705078125,117.53363037109375,993.85791015625,216.43588256835938,0.3962119519710541
264,0.3278350830078125,70.35551452636719,234.82571411132812,450.84222412109375,0.6774635314941406
264,813.9871826171875,116.23541259765625,997.3494873046875,334.189697265625,0.41165784001350403
264,816.307861328125,116.82858276367188,993.61279296875,216.43869018554688,0.3941197097301483
265,0.25872802734375,73.85945129394531,234.94696044921875,451.68853759765625,0.6955583691596985
265,816.3593139648438,115.48709106445312,997.8164672851562,333.25714111328125,0.478131502866745
265,817.0986328125,115.78985595703125,994.32421875,215.80108642578125,0.4095548391342163
266,0.167999267578125,74.91339111328125,236.20443725585938,453.17218017578125,0.7931654453277588
266,818.1533203125,115.35324096679688,995.47119140625,215.68905639648438,0.3882679343223572
266,754.5643310546875,206.9866943359375,1161.1763916015625,331.9239501953125,0.3565838634967804
266,815.897216796875,115.07290649414062,999.054443359375,332.8525085449219,0.337687611579895
267,0.1706390380859375,72.33903503417969,235.978271484375,453.23187255859375,0.8256517052650452
267,816.566650390625,115.60443115234375,999.189208984375,333.6068115234375,0.4078511893749237
267,753.043212890625,209.15145874023438,1166.662109375,331.2514343261719,0.38103219866752625
267,818.9990844726562,115.70309448242188,994.8970336914062,215.76187133789062,0.36459025740623474
268,0.1819610595703125,75.075439453125,236.23028564453125,452.804443359375,0.819782018661499
268,818.8558349609375,115.80068969726562,998.8756103515625,334.9930419921875,0.4360291659832001
268,748.6583251953125,210.54464721679688,1169.4730224609375,332.1825256347656,0.36143696308135986
268,820.9422607421875,115.70620727539062,994.8187255859375,215.67849731445312,0.34332242608070374
269,0.1437835693359375,72.67951965332031,236.34527587890625,451.06646728515625,0.8029573559761047
269,744.09130859375,212.40945434570312,1171.971435546875,331.7109069824219,0.47179290652275085
269,821.1356201171875,115.72354125976562,994.2308349609375,216.40188598632812,0.3865504860877991
269,819.8826293945312,115.92373657226562,998.1658325195312,335.3597106933594,0.326010137796402
270,0.130126953125,72.564208984375,236.44296264648438,452.73150634765625,0.827347457408905
270,820.406494140625,115.68157958984375,995.9453125,336.2187805175781,0.5490102767944336
270,744.7213134765625,214.4619598388672,1175.595947265625,331.65460205078125,0.3857569396495819
270,821.4923095703125,114.954345703125,992.785400390625,218.56338500976562,0.30404290556907654
271,0.0662078857421875,71.85638427734375,238.7000732421875,449.37908935546875,0.8727917075157166
271,819.2352294921875,116.12265014648438,995.2581787109375,335.9769287109375,0.5039403438568115
271,744.88232421875,214.95217895507812,1174.4534912109375,332.8116760253906,0.3614015281200409
